Group,n_users,mean_cumulative_score,variance_cumulative_score,std_cumulative_score,median_cumulative_score,min_cumulative_score,max_cumulative_score
Control,32,26.223958333333336,7332.002884184587,85.62711535596996,-0.16666666666666607,-85.5,226.33333333333334
OnlyAI,29,33.10344827586207,6843.740741652982,82.72690458159897,45.33333333333333,-105.0,173.0
