round,chi2_stat,chi2_p_value,degrees_of_freedom,significant_ranking_chi2_0_05,sig_label_ranking_chi2
3,14.32299955791335,0.07372541096036744,8.0,No,ns
4,4.452973032714411,0.8141193638472993,8.0,No,ns
5,9.953456564986737,0.26830787305754455,8.0,No,ns
6,7.228917992926614,0.5121477414309231,8.0,No,ns
7,12.626588748894784,0.12535973331654274,8.0,No,ns
8,8.616890473032715,0.37563742037789716,8.0,No,ns
9,12.986433465959328,0.11231724634016345,8.0,No,ns
