round,control_n,onlyai_n,control_mean,onlyai_mean,control_variance,onlyai_variance,mean_diff_onlyai_minus_control,welch_t_stat,welch_t_p_value,mannwhitney_u_stat,mannwhitney_u_p_value,levene_stat,levene_p_value,cohens_d,significant_mean_welch_0_05,significant_distribution_mw_0_05,significant_variance_levene_0_05,sig_label_mean_welch,sig_label_distribution_mw,sig_label_variance_levene
3,32,29,-7.302083333333332,-4.563218390804597,142.73375896057345,152.08812260536402,2.7388649425287355,-0.8791768591256123,0.38293386727207135,400.0,0.3559799796236288,0.0052670071755617776,0.9423904713211898,0.225764873602544,No,No,No,ns,ns,ns
4,32,29,0.5625,-1.8275862068965518,136.15546594982078,181.33825944170772,-2.3900862068965516,0.7373192354555287,0.4640200313566609,541.0,0.26861407016708905,1.242155102445594,0.2695756379552468,-0.19038731596556469,No,No,No,ns,ns,ns
5,32,29,3.3177083333333335,2.4425287356321843,317.74616375448034,189.71284893267654,-0.8751795977011492,0.21564135878439647,0.8300289042954606,455.5,0.9079161653311425,0.3493992615320705,0.5567112572216792,-0.05459384009446269,No,No,No,ns,ns,ns
6,32,29,6.177083333333334,7.770114942528735,409.34935035842295,368.32820197044333,1.5930316091954007,-0.3155097107269626,0.7534904998686056,431.0,0.6384229426210404,0.0671682341571564,0.7964074820687471,0.08067852972792913,No,No,No,ns,ns,ns
7,32,29,6.145833333333334,8.252873563218392,316.85797491039426,312.7214696223317,2.107040229885058,-0.4632781351799215,0.6448843675470299,417.5,0.5058874678908831,0.13336580938615353,0.7162733869526828,0.11873808018508536,No,No,No,ns,ns,ns
8,32,29,6.421875,7.103448275862069,254.00176411290323,273.8832019704434,0.6815732758620694,-0.1634801908336899,0.8707096497452904,437.5,0.7071953980527139,0.0006735739149777169,0.9793821692611698,0.041992733797686935,No,No,No,ns,ns,ns
9,32,29,10.901041666666668,13.925287356321839,462.0481350806452,225.36822660098525,3.024245689655171,-0.6417112294512137,0.5237005062446003,429.5,0.6233246174962486,6.554831053426649,0.01304032545207762,0.16171616775982303,No,No,Yes,ns,ns,*
